,MAE,MAPE,RMSE
DummyRegressorMedian,2806.3940000000002,110.42200000000001,4258.833
DummyRegressorQuantile,3105.765,60.473,4964.068
LinearRegression,802.058,45.038000000000004,1143.712
RidgeRegression,803.1039999999999,45.201,1143.745
LassoRegression,803.087,45.196999999999996,1143.747
ElasticNetRegression,803.0889999999999,45.198,1143.747
KNN,482.13199999999995,16.075,956.3330000000001
RadiusNN,1735.694,85.742,2806.814
SVMLinear,740.706,32.642,1269.544
SVMPolynomial,321.621,9.542,597.217
